name,prefix,F1,IoU,MAE
BN (2557).png,BN,0.16859271233834325,0.09205637297294074,0.521067202091217
BN (2560).png,BN,0.040178041543026705,0.020500863034854495,0.5713717937469482
BN (2569).png,BN,0.03146767460696559,0.015985348170842354,0.45961669087409973
BN (2578).png,BN,0.050695274106735966,0.026006849228514022,0.41880086064338684
BN (2586).png,BN,0.02235419035358898,0.011303434742738767,0.5015228390693665
BN (2593).png,BN,0.10608993099308055,0.0560163508971201,0.520387589931488
BN (2594).png,BN,0.005933815138836059,0.0029757363039829084,0.48318806290626526
BN (2604).png,BN,0.0323580206742923,0.016445075381742506,0.4652114808559418
BN (2609).png,BN,0.297819008847541,0.17496318569854494,0.38795241713523865
BN (2619).png,BN,0.010528626792157462,0.005292173053579054,0.49984967708587646
BN (2624).png,BN,0.2614051826771255,0.1503542861583142,0.4225347638130188
BN (2655).png,BN,0.07647543097813221,0.03975796941185979,0.5321195721626282
BN (2661).png,BN,0.10672954484287821,0.05637311064151199,0.5380262732505798
BN (2671).png,BN,0.04793640500978662,0.024556784488379817,0.49678152799606323
BN (2682).png,BN,0.11086608204262358,0.058686195292336596,0.49938246607780457
BN (2693).png,BN,0.009273250203587853,0.004658223537979892,0.5040358901023865
BN (2717).png,BN,0.02955596301020408,0.014999645996217217,0.5443825125694275
BN (2723).png,BN,0.012459361937765711,0.006268733176652452,0.49762555956840515
BN (2735).png,BN,0.18336097067745197,0.10093417994318334,0.49238014221191406
BN (3956).png,BN,0.05550654033526411,0.02854550117377838,0.475075364112854
BN (3968).png,BN,0.045948217983220775,0.02351432976653135,0.45942971110343933
BN (3975).png,BN,0.06604095336383649,0.03414806196579239,0.516037106513977
BN (3992).png,BN,0.0277819628167656,0.014086658925624886,0.5603598952293396
BN (3999).png,BN,0.13757827411847437,0.07387063424281926,0.49921879172325134
EI (2002).png,EI,0.3681438911198211,0.2255982553341978,0.4412616193294525
EI (2009).png,EI,0.29612998440243127,0.17379845979540565,0.5009725689888
EI (2012).png,EI,0.2596228353704219,0.14917619045276317,0.48399826884269714
EI (2020).png,EI,0.2855343198584926,0.1665442027599674,0.4629826545715332
EI (2038).png,EI,0.2594725622335305,0.1490769732228401,0.46741726994514465
EI (2040).png,EI,0.3049098565062753,0.17987825466192034,0.47608867287635803
EI (2043).png,EI,0.13643304283785443,0.07321070075508086,0.4789327085018158
EI (2056).png,EI,0.24339713688274087,0.13856127756208336,0.5007035732269287
EI (2076).png,EI,0.3882144151693036,0.24085983819620901,0.492809534072876
EI (2082).png,EI,0.29735866070518013,0.17464550744922985,0.4862678050994873
EI (2088).png,EI,0.29945056739859016,0.1760904809103412,0.4305289089679718
EI (2093).png,EI,0.2224555939814228,0.1251476999551807,0.47600287199020386
EI (2102).png,EI,0.22896910992633593,0.12928577994300947,0.4730289578437805
EI (2156).png,EI,0.24305988623693708,0.13834272684249022,0.44332340359687805
EI (2158).png,EI,0.2923305455507397,0.171186844613918,0.48541462421417236
EI (2169).png,EI,0.4094404907604672,0.2574191587186989,0.4422755539417267
EI (2174).png,EI,0.40547100703219086,0.2542888895845725,0.5465225577354431
EI (2194).png,EI,0.13987467803275402,0.07519637326630459,0.49541088938713074
EI (2202).png,EI,0.17657555492553742,0.09683733011395855,0.41011375188827515
EI (2219).png,EI,0.2872312916961161,0.1676999879222191,0.4642241299152374
EI (2221).png,EI,0.4757770769570935,0.3121440241872681,0.43469247221946716
EI (2227).png,EI,0.3314584039419141,0.1986515677673134,0.5190025568008423
EI (2240).png,EI,0.3251377039495404,0.19412802157900197,0.4293729066848755
EI (2253).png,EI,0.28439660643935266,0.16577060147281594,0.5114237666130066
EI (2279).png,EI,0.2404201310249434,0.13663496341600367,0.4950888752937317
EI (2283).png,EI,0.42597599734357955,0.27062865408956666,0.41032809019088745
EI (2290).png,EI,0.19342986294084943,0.10707022050952687,0.4986332952976227
EI (2295).png,EI,0.1287201618863861,0.06878723281502641,0.47302407026290894
EI (2313).png,EI,0.374163295844186,0.23013584014174623,0.44591355323791504
EI (2318).png,EI,0.3187835177516801,0.18961479447629814,0.4492144286632538
EI (2325).png,EI,0.3259251590341765,0.19468971820049613,0.4309978187084198
EI (2339).png,EI,0.23502759312680296,0.13316219121134867,0.4821106195449829
EI (2389).png,EI,0.2984817724424044,0.17542084922055354,0.47688478231430054
EI (2390).png,EI,0.2692512414966981,0.15556922411404084,0.46548575162887573
EI (2391).png,EI,0.4050747045053897,0.2539772274285549,0.4364579916000366
EI (2396).png,EI,0.4274354527307831,0.2718078907940736,0.4662074148654938
EI (2400).png,EI,0.3134281500085892,0.18583741333651774,0.5106371641159058
EI (2409).png,EI,0.38912439565757573,0.24156079749958115,0.4973945617675781
EI (2413).png,EI,0.10336719755112905,0.05450037425149701,0.52018141746521
EI (2421).png,EI,0.2809969940084103,0.1634650975181512,0.4943588972091675
EI (2446).png,EI,0.2678193306493052,0.15461397034854155,0.48412683606147766
EI (2455).png,EI,0.2937596599690881,0.17216780841306686,0.4905718266963959
EI (2456).png,EI,0.16637538777718527,0.09073579546660666,0.49357926845550537
EI (2461).png,EI,0.3329723567968082,0.19974015317286653,0.4245392084121704
EI (2484).png,EI,0.15213294986044798,0.08232894777195081,0.44018954038619995
EI (2499).png,EI,0.2303806741228481,0.13018657219323412,0.5007727742195129
EI (2504).png,EI,0.3152144132176512,0.18709467583923045,0.4630616009235382
EI (2517).png,EI,0.3266632626305839,0.19521669209517134,0.48606961965560913
EI (2526).png,EI,0.4674820379810989,0.30504180020523197,0.4074702560901642
EI (2528).png,EI,0.2153628691630214,0.12067599930637897,0.4586372375488281
EI (2532).png,EI,0.3255624733271379,0.19443094659616025,0.42090147733688354
EI (2545).png,EI,0.2571784932342701,0.14756444778532335,0.4648166596889496
EI (2554).png,EI,0.3159661988608867,0.18762461813246328,0.46219688653945923
EI (2561).png,EI,0.33947062766028374,0.2044351839329186,0.4401276707649231
EI (2566).png,EI,0.29617283628098956,0.17382798125751295,0.5003578066825867
EI (2588).png,EI,0.3995481518284852,0.24964709327866452,0.4834164083003998
EI (2608).png,EI,0.4686761816666794,0.30605948660602855,0.38849982619285583
EI (2617).png,EI,0.3037488510526546,0.17907068257029873,0.47825509309768677
EI (2620).png,EI,0.21685317056629366,0.12161262717504992,0.40967169404029846
EI (2638).png,EI,0.254844292208782,0.14602954399486193,0.4636443853378296
EI (2652).png,EI,0.30868157104441873,0.1825094351008964,0.4333357512950897
EI (2672).png,EI,0.36973649386871515,0.22679554101417784,0.46607911586761475
EI (2681).png,EI,0.2635803841668444,0.151795327444729,0.4786457419395447
EI (2689).png,EI,0.3668233969327601,0.22460730593607306,0.4760841131210327
EI (2690).png,EI,0.30055600208811517,0.1768554906530664,0.4713262617588043
EI (2692).png,EI,0.15408723655079215,0.08347482048006978,0.4191148281097412
EI (2695).png,EI,0.28362769979800073,0.1652483553624238,0.4592537581920624
EI (2697).png,EI,0.2792726771103658,0.16229920533915884,0.4658659100532532
EI (2701).png,EI,0.2793125989128191,0.16232617193357793,0.4666770398616791
EI (2705).png,EI,0.3689680219022964,0.22621752783328575,0.517328679561615
EI (2707).png,EI,0.2740562623245443,0.1587863244566999,0.4903031289577484
EI (2711).png,EI,0.2941634899442387,0.17244530071326877,0.47247418761253357
EI (2714).png,EI,0.3399858854851279,0.20480903295481104,0.5000205039978027
EI (2728).png,EI,0.2066634113360628,0.11523961126005362,0.46669745445251465
EI (2731).png,EI,0.15036541858612448,0.0812946622522509,0.449535071849823
EI (2734).png,EI,0.1395268543965529,0.07499536057603089,0.512965977191925
EI (2737).png,EI,0.23194527462309888,0.13118670553234968,0.477222204208374
EI (2756).png,EI,0.28189897172635203,0.16407589954684143,0.5123910307884216
EI (2761).png,EI,0.23274930147579428,0.13170134925970514,0.554099977016449
EI (2768).png,EI,0.21245613050823156,0.11885365955725426,0.46466732025146484
EI (2781).png,EI,0.2538955840671585,0.14540687358122106,0.4761941432952881
EI (2793).png,EI,0.3379359178615684,0.2033230375971882,0.48625922203063965
EI (2797).png,EI,0.2699764497319093,0.1560536269521145,0.4685024321079254
EI (2800).png,EI,0.28904458548100576,0.16893753222801874,0.502942681312561
EI (2803).png,EI,0.3850675003772592,0.23844185467021908,0.4468183219432831
EI (2813).png,EI,0.36610873891391366,0.2240716672115331,0.48762696981430054
EI (2837).png,EI,0.3320266024815093,0.19905989086845047,0.44729626178741455
EI (2858).png,EI,0.4034362265586672,0.2526903298632886,0.4569133520126343
EI (2859).png,EI,0.25415580182529335,0.14557759626604433,0.49720364809036255
EI (2875).png,EI,0.3542904528959321,0.2152812770147515,0.47891300916671753
EI (2880).png,EI,0.264111521008129,0.1521477469344768,0.43485915660858154
EI (2883).png,EI,0.34224501493715764,0.20645090379516112,0.4914691746234894
EI (2885).png,EI,0.268739702545109,0.1552277857582598,0.4582202434539795
EI (2888).png,EI,0.3498445763190828,0.2120070456991878,0.5026869177818298
EI (2898).png,EI,0.46507857671655217,0.30299829663050315,0.43804219365119934
EI (2909).png,EI,0.44280615986311417,0.28436161796285364,0.4327453374862671
EI (2911).png,EI,0.2836436440130644,0.16525918002031942,0.4429701566696167
EI (2943).png,EI,0.24021543861349468,0.1365027537372148,0.476421594619751
EI (2957).png,EI,0.1628409858319065,0.08863739315763287,0.3493332266807556
EI (2963).png,EI,0.10466929048215631,0.055224816416752566,0.47983500361442566
EI (2970).png,EI,0.2447542648964865,0.1394415949867284,0.4980812072753906
EI (2971).png,EI,0.11409276701617203,0.06049754994346023,0.5136797428131104
EI (2987).png,EI,0.33865038801620506,0.20384053156146179,0.5436680316925049
EI (2992).png,EI,0.3765006207053311,0.23190684610480244,0.5105235576629639
EI (3010).png,EI,0.4493075359393966,0.28974638514902656,0.48586586117744446
EI (3048).png,EI,0.2436676524872473,0.13873664220346432,0.4131915867328644
EI (3057).png,EI,0.5120915306264825,0.34416870470674726,0.43822792172431946
EI (3062).png,EI,0.40438498596969824,0.25343518481207944,0.439579576253891
EI (3064).png,EI,0.3501001557979079,0.21219479293133683,0.47859111428260803
EI (3080).png,EI,0.27533108274044504,0.15964286245613887,0.43431276082992554
EI (3087).png,EI,0.26451585087184415,0.15241617217001222,0.4423721730709076
EI (3092).png,EI,0.31302099585432175,0.18555121023147658,0.4772462546825409
EI (3095).png,EI,0.21610116327006149,0.12113980839081441,0.48505181074142456
EI (3096).png,EI,0.3328239505015723,0.1996333564182996,0.4303053617477417
EI (3098).png,EI,0.5241021633334517,0.3551073457206123,0.4891641438007355
EI (3103).png,EI,0.5036163146486654,0.33655560373903826,0.43292972445487976
EI (3113).png,EI,0.1847067941100491,0.10175039134765904,0.4928617477416992
EI (3152).png,EI,0.20525077526812818,0.1143618130264365,0.4722791314125061
EI (3156).png,EI,0.22231649748542162,0.12505966172884503,0.4966649115085602
EI (3172).png,EI,0.060248571714944375,0.031059944504441196,0.4563511610031128
EI (3180).png,EI,0.2110506622592567,0.11797464456192579,0.5034156441688538
EI (3193).png,EI,0.26158464805312576,0.15047304302747538,0.48671892285346985
EI (3201).png,EI,0.23448972835462006,0.13281697202253356,0.5216253995895386
EI (3206).png,EI,0.4135264852943019,0.26065766712217314,0.47439253330230713
EI (3212).png,EI,0.2656430540469194,0.15316515707263517,0.47048038244247437
EI (3214).png,EI,0.32687149701263385,0.19536544648483709,0.5042968392372131
EI (3215).png,EI,0.23435059727322613,0.1327277073870428,0.506191074848175
EI (3222).png,EI,0.3548344907861524,0.215683156982614,0.497994989156723
EI (3237).png,EI,0.4107006192165867,0.2584161449897124,0.4379830062389374
EI (3242).png,EI,0.11331134086265908,0.060058314504561096,0.4878353774547577
EI (3247).png,EI,0.10789029642128592,0.057021163316917346,0.4862743020057678
EI (3248).png,EI,0.3292979780607363,0.1971015619401145,0.4332997500896454
EI (3252).png,EI,0.2226410014806838,0.1252650711905483,0.48339107632637024
EI (3265).png,EI,0.3470571857121045,0.2099632139189402,0.4433247447013855
EI (3281).png,EI,0.3736765403051639,0.22976766280877525,0.4793221652507782
EI (3297).png,EI,0.07182741639709064,0.037251549476383844,0.4904502034187317
EI (3311).png,EI,0.14371074520454932,0.07741829288366224,0.49325886368751526
EI (3314).png,EI,0.14580809793756158,0.07863700503458007,0.5209307074546814
EI (3321).png,EI,0.3413768220522442,0.20581939682926406,0.45619499683380127
EI (3339).png,EI,0.1581024529305731,0.08583672483962199,0.5019681453704834
EI (3344).png,EI,0.17774062193249013,0.09753859635557617,0.4814802408218384
EI (3358).png,EI,0.12306008404838054,0.06556421066147361,0.4811106026172638
EI (3364).png,EI,0.26757857613674135,0.15445351370687133,0.4869477450847626
EI (3392).png,EI,0.42862166933303913,0.27276796489303345,0.475631982088089
EI (3395).png,EI,0.4054760383723938,0.2542928473514473,0.4554980993270874
EI (3400).png,EI,0.2411564389464174,0.13711079500553186,0.45632079243659973
EI (3426).png,EI,0.19073415966022364,0.1054207487963207,0.4910767376422882
EI (3437).png,EI,0.19969172015552028,0.11092084749661359,0.5109966993331909
EI (3442).png,EI,0.29955831404035926,0.17616500260713389,0.47658440470695496
EI (3444).png,EI,0.16599060724262893,0.0905069559066258,0.49614477157592773
EI (3448).png,EI,0.36093804227470294,0.2202101272459618,0.5048013925552368
EI (3457).png,EI,0.27421118366747194,0.1588903468792884,0.46852943301200867
EI (3459).png,EI,0.22951837720809354,0.1296361251387414,0.4479619562625885
EI (3462).png,EI,0.3882831184403845,0.24091273280245926,0.45864373445510864
EI (3467).png,EI,0.2134728141036416,0.11949038099665715,0.5234048366546631
EI (3492).png,EI,0.2634792329521025,0.15172823610973557,0.5057079792022705
EI (3508).png,EI,0.29393005208886996,0.17228487756246494,0.44517505168914795
EI (3526).png,EI,0.2645385069535555,0.15243121671871973,0.4996574819087982
EI (3532).png,EI,0.25984694834080413,0.14932419196865818,0.4854463040828705
EI (3544).png,EI,0.17143045527972836,0.09375112681642808,0.4918367862701416
EI (3550).png,EI,0.2720398523399357,0.15743410095905358,0.4599252939224243
EI (3551).png,EI,0.09463882764881339,0.04966975764076819,0.47753068804740906
EI (3556).png,EI,0.21973991330443482,0.12343135418617719,0.4615319073200226
EI (3557).png,EI,0.15188727386459036,0.08218507005370933,0.5073546171188354
EI (3605).png,EI,0.3978423430440879,0.24831660062717262,0.4665522873401642
EI (3609).png,EI,0.10057291304246979,0.05294907803150568,0.4471234083175659
EI (3613).png,EI,0.21691978530913067,0.12165452990949026,0.4129329025745392
EI (3628).png,EI,0.1385260575520488,0.07441740353876704,0.5046427249908447
EI (3636).png,EI,0.2515182563338301,0.1438495181576522,0.450061559677124
EI (3641).png,EI,0.20882640504366,0.1165863574762837,0.46022650599479675
EI (3653).png,EI,0.2663474401593836,0.15363369012293346,0.5509097576141357
EI (3656).png,EI,0.2668867737250682,0.15399269342528846,0.3933122158050537
EI (3659).png,EI,0.1938366661127421,0.1073195665508076,0.48774898052215576
EI (3671).png,EI,0.2870425094607588,0.1675712976218677,0.536646842956543
EI (3711).png,EI,0.3149110835616581,0.18688098918083462,0.4343375563621521
EI (3712).png,EI,0.2951522639726724,0.17312529308948288,0.5331416726112366
EI (3714).png,EI,0.18631068945877838,0.10272469952595219,0.5122939944267273
EI (3735).png,EI,0.1050520173519137,0.05543794252605776,0.5079154968261719
EI (3738).png,EI,0.25553880167621024,0.14648580428257804,0.5574911236763
EI (3752).png,EI,0.16379009922782048,0.08920009589260029,0.49967268109321594
EI (3768).png,EI,0.1540392206698808,0.08344663786723577,0.5214360952377319
EI (3791).png,EI,0.16469558822844962,0.08973747742995679,0.49673858284950256
EI (3804).png,EI,0.13042554929347383,0.06976215857260193,0.5250856876373291
EI (3834).png,EI,0.18298103196842477,0.10070397458021749,0.44944870471954346
EI (3835).png,EI,0.2570602749383151,0.1474866119820738,0.5177412033081055
EI (3854).png,EI,0.1092077981715208,0.05775769440233151,0.5222501754760742
EI (3855).png,EI,0.12281455530951516,0.06542483890277827,0.5093905925750732
EI (3864).png,EI,0.14229144483648942,0.0765951389097012,0.45210129022598267
EI (3898).png,EI,0.09912061438627517,0.05214461008754258,0.473627507686615
EI (3908).png,EI,0.2586213320912902,0.1485152751996662,0.4734990894794464
EI (3929).png,EI,0.2347766471263394,0.13300109968754908,0.4892500340938568
EI (3937).png,EI,0.2535054890219561,0.14515103679311994,0.4457400143146515
EI (3982).png,EI,0.267570846693821,0.1544483629724119,0.4807114005088806
EI (3985).png,EI,0.40298452526803413,0.2523360178057566,0.433320552110672
EI (3994).png,EI,0.25056606448925695,0.1432269372413339,0.47165921330451965
EI (4002).png,EI,0.33395069704670427,0.20044466658623603,0.41500452160835266
EI (4009).png,EI,0.2590740338076716,0.1488139293908667,0.4239330589771271
EI (4010).png,EI,0.4664000729442107,0.30412108446014813,0.4235778748989105
EI (4012).png,EI,0.20194545032383004,0.11231330571155389,0.4439951181411743
EI (4039).png,EI,0.13071111644082023,0.06992558378239672,0.49313679337501526
EI (4053).png,EI,0.3457470974823105,0.20900498161804695,0.4261827766895294
EI (4060).png,EI,0.24141975427329884,0.13728105661367562,0.5081378221511841
EI (4064).png,EI,0.3625379291534554,0.22140233695063755,0.46731624007225037
EI (4071).png,EI,0.29420377725808516,0.172472991401739,0.48187604546546936
EI (4072).png,EI,0.2707103141128557,0.15654422525164044,0.44805920124053955
EI (4074).png,EI,0.351570532952986,0.21327605456045823,0.4598548114299774
EI (4090).png,EI,0.21675622991412466,0.1215516540981306,0.4239293336868286
EI (4097).png,EI,0.24957952812838932,0.14258261494252875,0.47682517766952515
EI (4100).png,EI,0.15911581398534347,0.08643445100683625,0.4786601662635803
EI (4104).png,EI,0.16548724808142098,0.09020773930753564,0.4624161720275879
EI (4114).png,EI,0.07510597947344935,0.039018241353830106,0.431803822517395
EI (4115).png,EI,0.12842990964105114,0.06862148006245362,0.4618222415447235
EI (4132).png,EI,0.31299076698565936,0.18552996679597825,0.42370298504829407
EI (4141).png,EI,0.2394829459986613,0.1360298927263213,0.391097754240036
EI (4147).png,EI,0.17270245494565273,0.09451249765703386,0.45247432589530945
EI (4152).png,EI,0.3166903629981783,0.18813553729915206,0.46052101254463196
EI (4159).png,EI,0.21753824124897037,0.12204370735078172,0.5053119659423828
EI (4162).png,EI,0.13206742052485598,0.07070245573957738,0.4787267744541168
EI (4175).png,EI,0.30041173330213033,0.17675559380378658,0.46357467770576477
EI (4176).png,EI,0.13258149471636668,0.07099720514777137,0.42584726214408875
EI (4183).png,EI,0.4447376458371511,0.285956671327353,0.48651400208473206
EI (4189).png,EI,0.30127793877987447,0.17735564025316675,0.48367252945899963
EI (4202).png,EI,0.31884732459560766,0.18965994538176648,0.40323832631111145
EI (4214).png,EI,0.27047504588474275,0.15638689990634158,0.46195974946022034
EI (4215).png,EI,0.2888021008686284,0.16877188840357296,0.4775899350643158
IA (1).png,IA,0.32565702060578766,0.19449839406476466,0.5107508301734924
IA (1009).png,IA,0.29073922184197376,0.17009646834305003,0.5163066387176514
IA (1020).png,IA,0.532266391326794,0.36264509321139643,0.44906386733055115
IA (1024).png,IA,0.16652939087330074,0.09082741225539491,0.5391796827316284
IA (1039).png,IA,0.02198309288657878,0.011113703228482185,0.563576340675354
IA (1064).png,IA,0.03517657430295068,0.01790317330447711,0.536733090877533
IA (1066).png,IA,0.03497420211425018,0.017798342470557043,0.5521755814552307
IA (1077).png,IA,0.061205190348968805,0.031568678667953154,0.5361716747283936
IA (1078).png,IA,0.08692568046857584,0.04543769135423178,0.5302220582962036
IA (1112).png,IA,0.013207089646927463,0.006647441501379444,0.5784038305282593
IA (1116).png,IA,0.08061534792200822,0.04200062131096614,0.5634539723396301
IA (1118).png,IA,0.01409792147335503,0.007099001318239407,0.5728379487991333
IA (1145).png,IA,0.06516205667741388,0.033678302052271535,0.5523595809936523
IA (1159).png,IA,0.07136374602226384,0.03700218010269118,0.5382398366928101
IA (1172).png,IA,0.20944847533726962,0.11697427996478431,0.5490376949310303
IA (1183).png,IA,0.21160420477757452,0.11832067898105128,0.534382164478302
IA (119).png,IA,0.01195644027833025,0.00601417419646689,0.5698378086090088
IA (1212).png,IA,0.007468220056438406,0.003748105867927458,0.5435695648193359
IA (1229).png,IA,0.037444398109535725,0.019079407520208237,0.5344799757003784
IA (1250).png,IA,0.03262804396895014,0.01658458324005671,0.5502644777297974
IA (1253).png,IA,0.05538393645189762,0.028480653579938727,0.5384477972984314
IA (1255).png,IA,0.021960623614655318,0.011102217618531945,0.5519964098930359
IA (1258).png,IA,0.09621683343850476,0.05053980680598523,0.4943043887615204
IA (1261).png,IA,0.18618449702424156,0.10264797975250843,0.49306973814964294
IA (1269).png,IA,0.05643146645105783,0.029034976373081313,0.48296239972114563
IA (1277).png,IA,0.09825270214735925,0.05166443630986165,0.5563559532165527
IA (1278).png,IA,0.06690369261477046,0.0346096013732842,0.43861570954322815
IA (1282).png,IA,0.07304636410253455,0.03790769157168315,0.47561147809028625
IA (1289).png,IA,0.12198810251848557,0.0649559796091155,0.527920663356781
IA (1294).png,IA,0.03901931684059224,0.01989785884975001,0.5449216365814209
IA (1303).png,IA,0.10750424637317962,0.05680554165955518,0.531162440776825
IA (1319).png,IA,0.09066340223174349,0.04748424260956195,0.5778889060020447
IA (1324).png,IA,0.17639489048128631,0.09672866650820061,0.5429716110229492
IA (1367).png,IA,0.03281382623300164,0.016680590109153667,0.5840645432472229
IA (1380).png,IA,0.08591976199264056,0.044888275991024684,0.5472670793533325
IA (1388).png,IA,0.051816951910614105,0.026597578683087205,0.5159557461738586
IA (1396).png,IA,0.09159994018406993,0.04799829035475139,0.5173622965812683
IA (1397).png,IA,0.08032451848640615,0.041842758976675165,0.5364278554916382
IA (1401).png,IA,0.11058630069887253,0.05852942674215665,0.524585485458374
IA (1405).png,IA,0.06768006147359296,0.03502528754384534,0.5176095962524414
IA (1408).png,IA,0.03389225390259516,0.01723824849877585,0.5201568007469177
IA (142).png,IA,0.10784269561691968,0.056994571945528996,0.5478817224502563
IA (1434).png,IA,0.2230363533622151,0.12551542840182744,0.49792730808258057
IA (1474).png,IA,0.2752064741422316,0.15955908345920236,0.571546196937561
IA (1485).png,IA,0.09743229940009028,0.051210950006860906,0.5628429055213928
IA (1527).png,IA,0.09600404816890339,0.050422401411397484,0.4976601302623749
IA (1543).png,IA,0.048801025420319416,0.025010788779669144,0.4925191402435303
IA (1571).png,IA,0.030660377358490566,0.015568862275449102,0.5543780326843262
IA (1580).png,IA,0.07905371403010263,0.04115352657567306,0.5360963940620422
IA (1582).png,IA,0.11516646815268561,0.061101665588372475,0.5534842610359192
IA (1589).png,IA,0.09514248704663213,0.049947298629764374,0.33634254336357117
IA (1595).png,IA,0.06211975664425232,0.03205551883674818,0.5450484752655029
IA (1596).png,IA,0.17019273834194926,0.09301129245040365,0.371276319026947
IA (16).png,IA,0.11383610503863276,0.06035324148804384,0.5501819252967834
IA (1606).png,IA,0.0438902271975816,0.022437507244137078,0.5459823608398438
IA (1609).png,IA,0.061505733939627584,0.03172861277770323,0.5470636487007141
IA (1614).png,IA,0.20749257810659252,0.11575549176104398,0.5587990283966064
IA (1622).png,IA,0.09439692949318505,0.049536512064959674,0.5435006022453308
IA (1631).png,IA,0.1870370273425435,0.10316649052593889,0.5198224782943726
IA (1640).png,IA,0.5774539797770287,0.4059299112773294,0.48756155371665955
IA (1641).png,IA,0.03518626364336571,0.01790819302221075,0.561029851436615
IA (1644).png,IA,0.2690959449517462,0.15546554655465547,0.5795290470123291
IA (1649).png,IA,0.11419400297502544,0.0605544807658776,0.549967348575592
IA (1666).png,IA,0.3933887976849662,0.24485625216487703,0.5089165568351746
IA (1684).png,IA,0.14287466936247686,0.07693324031794352,0.5212507843971252
IA (1705).png,IA,0.037355534237814625,0.01903326602931507,0.5616980791091919
IA (1710).png,IA,0.6340689505224966,0.4642027507647922,0.3981233835220337
IA (1721).png,IA,0.1255256718536487,0.06696579940776239,0.5539533495903015
IA (1724).png,IA,0.15854402081131616,0.08609710066551149,0.5556541085243225
IA (1732).png,IA,0.06378956532553946,0.03294557460447967,0.5008350610733032
IA (1734).png,IA,0.35063948914057785,0.21259117508389494,0.4894062280654907
IA (1737).png,IA,0.27590979792927184,0.16003211293579003,0.5200629830360413
IA (1747).png,IA,0.08409246931959304,0.04389171605256377,0.5782092809677124
IA (1750).png,IA,0.18198069617743948,0.10009832997636908,0.5548555254936218
IA (1752).png,IA,0.11846669874810564,0.06296284985723229,0.5999287962913513
IA (1769).png,IA,0.05027686578134954,0.025786669347541973,0.518125593662262
IA (1783).png,IA,0.22455763479291474,0.12647982226487123,0.5669153928756714
IA (1791).png,IA,0.019955977926372562,0.010078552650295823,0.557925283908844
IA (1796).png,IA,0.05568223898341421,0.028638445885666743,0.5771403908729553
IA (1812).png,IA,0.04717711393922243,0.024158419217621838,0.5518331527709961
IA (1819).png,IA,0.12055688370130783,0.06414500266372958,0.5196315050125122
IA (1820).png,IA,0.15021004119254455,0.08120383640171977,0.5604096055030823
IA (1822).png,IA,0.20252800776933788,0.11267380445689208,0.5431174039840698
IA (1836).png,IA,0.2287443445560844,0.12914247802288936,0.5345171093940735
IA (186).png,IA,0.1427776217348007,0.07687696605732638,0.5643370747566223
IA (1866).png,IA,0.19083341087879288,0.10548139238603182,0.549244225025177
IA (1867).png,IA,0.09824809490140624,0.05166188851342978,0.5556109547615051
IA (1872).png,IA,0.03921042877534443,0.019997265056267446,0.5399307012557983
IA (1889).png,IA,0.06906082031978568,0.035765404237756954,0.5573337078094482
IA (1891).png,IA,0.1639737865594448,0.08930906615552729,0.519011378288269
IA (190).png,IA,0.05119731181803076,0.026271162354457003,0.5605944395065308
IA (1909).png,IA,0.06154978078242882,0.03175205644810035,0.5175414681434631
IA (1916).png,IA,0.1278506426279393,0.06829083487623203,0.5253576040267944
IA (1927).png,IA,0.0531610799705219,0.027306357718447995,0.5599882006645203
IA (1931).png,IA,0.038725346886455125,0.01974498922166674,0.5664191842079163
IA (1950).png,IA,0.08556300741263678,0.04469356147208496,0.5375035405158997
IA (1953).png,IA,0.08183510881841213,0.04266322942028294,0.5358067154884338
IA (1963).png,IA,0.011436699199777974,0.00575123718474323,0.5683901309967041
IA (1965).png,IA,0.38024271977645674,0.23475290058519094,0.5559936165809631
IA (1980).png,IA,0.09959512842788533,0.052407321154410116,0.5499921441078186
IA (1985).png,IA,0.030998864926220206,0.015743446955940255,0.50347501039505
IA (1987).png,IA,0.09285800710569446,0.0486896138051954,0.48970773816108704
IA (1992).png,IA,0.02008843148914624,0.010146125619264555,0.5454183220863342
IA (2011).png,IA,0.09629504515693152,0.050582967130465645,0.5391780138015747
IA (2017).png,IA,0.4817460635978114,0.3173026936056604,0.48487186431884766
IA (2038).png,IA,0.020495786430460725,0.010353999900561826,0.5311932563781738
IA (2047).png,IA,0.7512603638034375,0.6016148939515064,0.43082335591316223
IA (2049).png,IA,0.01878111506972135,0.00947957603906157,0.5572869777679443
IA (2051).png,IA,0.013201400075090533,0.006644558776913511,0.545182466506958
IA (2058).png,IA,0.017262804777266966,0.008706552143602537,0.5384007096290588
IA (2059).png,IA,0.16282833181346168,0.08862989487214801,0.5374465584754944
IA (2062).png,IA,0.10275956271328054,0.05416264628021475,0.5358071327209473
IA (2068).png,IA,0.18765453223253625,0.10354236296002568,0.5209288001060486
IA (2076).png,IA,0.24516346099927103,0.13970729213267719,0.4639749228954315
IA (2085).png,IA,0.06403791002841958,0.033078080588530345,0.4793728291988373
IA (2093).png,IA,0.1585690661528713,0.0861118726954303,0.549397885799408
IA (2117).png,IA,0.34951372004168113,0.21176408691534698,0.503387987613678
IA (2120).png,IA,0.04844826251838093,0.024825507614213198,0.5381802320480347
IA (2125).png,IA,0.06331358594091686,0.032691707589469016,0.5708585977554321
IA (2132).png,IA,0.0990955931570181,0.052130760915850505,0.5769096612930298
IA (2134).png,IA,0.09892178145835374,0.05203456674930427,0.5846022963523865
IA (2136).png,IA,0.18303421813148116,0.10073619435103158,0.5655896663665771
IA (2141).png,IA,0.18582281462868808,0.10242815096952909,0.5601516962051392
IA (2149).png,IA,0.40195620173155944,0.2515301534082475,0.5409358143806458
IA (2150).png,IA,0.11207306631148321,0.05936303164684539,0.4690078794956207
IA (2151).png,IA,0.37092994754644837,0.22769428913617842,0.44192054867744446
IA (2161).png,IA,0.5540321030239032,0.38315657227420574,0.5226653814315796
IA (2172).png,IA,0.09221135029354208,0.04833415394715247,0.584225594997406
IA (2179).png,IA,0.024356738673974164,0.012328510491122897,0.5374769568443298
IA (2189).png,IA,0.31464821222606687,0.1866958664111689,0.37375131249427795
IA (2190).png,IA,0.04577386674554463,0.023423014341393274,0.5630240440368652
IA (22).png,IA,0.1338850373304891,0.07174533188403578,0.5468457937240601
IA (2200).png,IA,0.13702798736227836,0.07355343313411611,0.5302395224571228
IA (2204).png,IA,0.10726649558223247,0.05667279378310008,0.5710651278495789
IA (2205).png,IA,0.289600646444161,0.1693175607451529,0.543353796005249
IA (2212).png,IA,0.07458686417117057,0.038738109127453985,0.5524542331695557
IA (2221).png,IA,0.14167241577555478,0.07623651339959009,0.5691283345222473
IA (2227).png,IA,0.4507652897168214,0.2909599731563126,0.5074049830436707
IA (2231).png,IA,0.04962892657434619,0.025445889374875408,0.5489280223846436
IA (2241).png,IA,0.09610787820840408,0.050479686904720676,0.5312125086784363
IA (2253).png,IA,0.0358468968982942,0.018250561446399634,0.5807295441627502
IA (2257).png,IA,0.025671408308477167,0.013002601702932829,0.5573291182518005
IA (2258).png,IA,0.03895053430244481,0.019862086593817715,0.5647053122520447
IA (2272).png,IA,0.11524895414650152,0.061148104626365496,0.5262645483016968
IA (2274).png,IA,0.172190050931417,0.09420566455454615,0.5180197358131409
IA (2275).png,IA,0.11147161066048668,0.05902564731868941,0.561212956905365
IA (2312).png,IA,0.016523608601712408,0.008330630338414963,0.6082209348678589
IA (2337).png,IA,0.09656059922786718,0.05072953685244575,0.5115071535110474
IA (2371).png,IA,0.3513843100316221,0.2131390063613686,0.5308188199996948
IA (2385).png,IA,0.13120376567756387,0.07020763594653433,0.44613227248191833
IA (2401).png,IA,0.0732119930518843,0.037996911330087875,0.4842199981212616
IA (2411).png,IA,0.1413430569940835,0.07604580152671755,0.5440188050270081
IA (2418).png,IA,0.09719659669580069,0.05108073515478255,0.5087099671363831
IA (2430).png,IA,0.07919114573019122,0.04122801993241308,0.5600952506065369
IA (2443).png,IA,0.08994947175011483,0.047092718448936796,0.551144003868103
IA (2454).png,IA,0.03957024091363132,0.02018447268014973,0.5398423671722412
IA (2464).png,IA,0.2596327672165701,0.14918274851758173,0.5556517839431763
IA (2472).png,IA,0.13414339785432192,0.07189373379500928,0.5022733211517334
IA (2473).png,IA,0.10523721627344375,0.05554110370822605,0.5307499170303345
IA (2474).png,IA,0.31444111300581074,0.18655006089199583,0.5152848958969116
IA (2478).png,IA,0.13999185663446337,0.0752641095329611,0.5442559719085693
IA (2481).png,IA,0.22088959015738596,0.12415732544498269,0.5308565497398376
IA (2484).png,IA,0.1630461037192355,0.08875895255147717,0.5595346689224243
IA (2488).png,IA,0.019477895904817612,0.009834727855115886,0.5438787937164307
IA (2490).png,IA,0.04812750078676437,0.024657092513042576,0.5487794876098633
IA (2491).png,IA,0.057634734839996093,0.02967244929354129,0.5371132493019104
IA (2510).png,IA,0.1040283359149056,0.05486808578708623,0.5181396007537842
IA (2513).png,IA,0.22610811787334884,0.1274644301332934,0.5335807204246521
IA (2514).png,IA,0.150872119851109,0.08159096051213117,0.49330222606658936
IA (2516).png,IA,0.18988447833685118,0.10490185629831171,0.5124720931053162
IA (2525).png,IA,0.08700194757770023,0.04547937070167717,0.5335995554924011
IA (2536).png,IA,0.11369910091682095,0.06027622685865413,0.5348782539367676
IA (2554).png,IA,0.02201002844056607,0.011127472210192002,0.5646865963935852
IA (2561).png,IA,0.12919873068828233,0.06906063877956184,0.5290445685386658
IA (2564).png,IA,0.13102349912185174,0.0701044122600202,0.5495092868804932
IA (2577).png,IA,0.11576090798840542,0.061436421990810224,0.5453072190284729
IA (2590).png,IA,0.03790453587105545,0.01931839534009771,0.5409209728240967
IA (2599).png,IA,0.13550335680635578,0.0726755702677243,0.5105039477348328
IA (2601).png,IA,0.30285069857778335,0.17844670373077576,0.5534303188323975
IA (2610).png,IA,0.3095629980939841,0.1831260187424571,0.5141921639442444
IA (2618).png,IA,0.4597348333750262,0.2984777188608351,0.24992133677005768
IA (2633).png,IA,0.10026871533399938,0.0527804727665092,0.5658209323883057
IA (2638).png,IA,0.19699957407202914,0.1092620784993088,0.49756094813346863
IA (2645).png,IA,0.050778182235088426,0.026050489365706756,0.5473933219909668
IA (2665).png,IA,0.06635195384211906,0.0343143903431439,0.5479386448860168
IA (2669).png,IA,0.26903539752155076,0.15542512951237564,0.4911068081855774
IA (2672).png,IA,0.18493280333144047,0.10188757951819793,0.5064077377319336
IA (2682).png,IA,0.10189391957145372,0.05368188881648203,0.5644820928573608
IA (2691).png,IA,0.5921893663776203,0.4206456125806368,0.43890616297721863
IA (2693).png,IA,0.05497221928124583,0.028262948131739133,0.49602216482162476
IA (2696).png,IA,0.04739533571283595,0.024272878468278435,0.466297447681427
IA (2697).png,IA,0.05001803760254494,0.02565051296220658,0.49070069193840027
IA (2701).png,IA,0.1160406634563938,0.06159403826055346,0.500590443611145
IA (2702).png,IA,0.1327308230658902,0.07108285441942679,0.4908578097820282
IA (2703).png,IA,0.11719451330973567,0.062244620667506606,0.46347862482070923
IA (2708).png,IA,0.24422058682978112,0.13909525592900007,0.4889907240867615
IA (2712).png,IA,0.42730564854337516,0.2717029206263798,0.4771232306957245
IA (2720).png,IA,0.08158650747703365,0.04252811387900356,0.5601561069488525
IA (2755).png,IA,0.1962475201132523,0.10879958436734852,0.538933515548706
IA (2771).png,IA,0.3606540942583603,0.21999877694829784,0.5079452395439148
IA (2773).png,IA,0.32599611125786515,0.19474035481651258,0.539165735244751
IA (2775).png,IA,0.07611116082944214,0.03956110107809336,0.5211019515991211
IA (2788).png,IA,0.132897931641131,0.07117871802152981,0.484266072511673
IA (2797).png,IA,0.08386814556480367,0.04376950645159273,0.5096444487571716
IA (2808).png,IA,0.2528321820398212,0.14470972933498924,0.5808206796646118
IA (2812).png,IA,0.1124797684655295,0.05959129157205823,0.5389903783798218
IA (2820).png,IA,0.08276273687351825,0.04316770723439581,0.5540397763252258
IA (2839).png,IA,0.39411292675809745,0.24541758466395622,0.5314912796020508
IA (2847).png,IA,0.061373716823355046,0.031658353833307,0.5677381157875061
IA (2858).png,IA,0.17424186797855937,0.0954353508948321,0.5371040105819702
IA (2859).png,IA,0.048105898616594894,0.02464575233999623,0.5659542083740234
IA (2861).png,IA,0.04453671871764072,0.022775533114809655,0.5439069867134094
IA (2867).png,IA,0.04410823658469695,0.022551471103736766,0.4943554699420929
IA (2880).png,IA,0.19719339946062076,0.1093813387423935,0.5173973441123962
IA (2910).png,IA,0.08989103789375924,0.04706068589649363,0.552988588809967
IA (2920).png,IA,0.058770278472157926,0.030274767494237038,0.5436711311340332
IA (2925).png,IA,0.024262151590579612,0.01228004596364442,0.558556079864502
IA (2942).png,IA,0.024516937835554465,0.012410603920183649,0.5262861847877502
IA (2947).png,IA,0.09047571806747041,0.04738128701663048,0.519001305103302
IA (2959).png,IA,0.22321232665087476,0.12562689960029638,0.5223158001899719
IA (2983).png,IA,0.08160129438641302,0.04253614962709922,0.5333533883094788
IA (2992).png,IA,0.1310071020400297,0.07009502400090745,0.5274834632873535
IA (3).png,IA,0.23748560776358352,0.13474250696032228,0.4997592866420746
IA (3000).png,IA,0.11890150178187159,0.06320854643948794,0.5150017738342285
IA (3010).png,IA,0.02804363342081748,0.0142212241082523,0.5721628069877625
IA (3028).png,IA,0.04969028302083551,0.02547814974628789,0.541226327419281
IA (3030).png,IA,0.0702449171442001,0.03640094940972834,0.5473582744598389
IA (3031).png,IA,0.11025552469391031,0.05834414447807912,0.5398334264755249
IA (3044).png,IA,0.21069863366847125,0.11775469333064388,0.5543779730796814
IA (3045).png,IA,0.2944500796985944,0.17264231096006796,0.5163620114326477
IA (3054).png,IA,0.06675574218998537,0.03453042310628999,0.4819159507751465
IA (3059).png,IA,0.0930828563088447,0.04881326732878774,0.5422081351280212
IA (3069).png,IA,0.08414165011680783,0.043918513141609786,0.5417812466621399
IA (3080).png,IA,0.1693262497450491,0.09249395186961504,0.5594190955162048
IA (3091).png,IA,0.0910564513851628,0.047699918340296105,0.4761852025985718
IA (3095).png,IA,0.34558244755028045,0.2088846597635353,0.5309669375419617
IA (3117).png,IA,0.0286581864644385,0.014537401006596937,0.5498000979423523
IA (3121).png,IA,0.1332187896551337,0.0713628297289981,0.5171483159065247
IA (3139).png,IA,0.26830560203129333,0.15493819368245243,0.5265523791313171
IA (3142).png,IA,0.15997106584808654,0.0869394295268616,0.5502533912658691
IA (3155).png,IA,0.21915612586490316,0.12306307647060907,0.5620725750923157
IA (3162).png,IA,0.18296171769008435,0.10069227460496523,0.5251151919364929
IA (3177).png,IA,0.34166155523751107,0.20602643345607574,0.49455931782722473
IA (3178).png,IA,0.03020629120049278,0.015334748540192076,0.5434079766273499
IA (3189).png,IA,0.2899142621368729,0.16953200399129767,0.5189734101295471
IA (3206).png,IA,0.15991580021687823,0.08690678406766734,0.5185382962226868
IA (3224).png,IA,0.024518640638080416,0.01241147658614199,0.568078339099884
IA (36).png,IA,0.6760666575790621,0.5106500727165085,0.46318718791007996
IA (43).png,IA,0.19041794815710886,0.10522758443762519,0.5412453413009644
IA (44).png,IA,0.18554370351763302,0.10225856851848189,0.49799665808677673
IA (57).png,IA,0.10133843212237094,0.05337361530715005,0.24651314318180084
IA (63).png,IA,0.16407907882358946,0.08937153933539352,0.5579126477241516
IA (64).png,IA,0.36156576227558146,0.22067761644053002,0.5678032040596008
IA (88).png,IA,0.27353024212521676,0.15843326584644135,0.5389471650123596
IA (9955).png,IA,0.01236125750310516,0.006219066492725335,0.5933038592338562
IA (9960).png,IA,0.13448434688053487,0.0720896373373516,0.5427591800689697
IA (9971).png,IA,0.06257033535899167,0.03229553903345725,0.5489949584007263
IA (9975).png,IA,0.13010899182561309,0.06958105646630237,0.4669901430606842
PP (1952).png,PP,0.2204661487236404,0.12388983135415627,0.45221176743507385
PP (1953).png,PP,0.16583317959942762,0.09041335703761696,0.43805837631225586
PP (1957).png,PP,0.29472558301002527,0.1728317624856258,0.4188252091407776
PP (1961).png,PP,0.24154362315434733,0.13736116876986856,0.44152796268463135
PP (1967).png,PP,0.13443496457995668,0.07206125866830894,0.525850236415863
PP (1969).png,PP,0.24421235063395055,0.13908991256552392,0.4388962984085083
PP (1982).png,PP,0.22514638179949045,0.12685349343218633,0.4574325382709503
PP (1983).png,PP,0.1424996671212184,0.07671582319469643,0.482021689414978
PP (1994).png,PP,0.1806461005872171,0.0992913476842096,0.45838940143585205
PP (1997).png,PP,0.15665601571533364,0.08498468926629885,0.5139232873916626
PP (2002).png,PP,0.18190773912576993,0.10005418484004742,0.44424930214881897
PP (2012).png,PP,0.22239583773237498,0.12510987679544622,0.4309825003147125
PP (2027).png,PP,0.3761681377484871,0.23165461061154063,0.44510161876678467
PP (2052).png,PP,0.2690306619686633,0.15542196852235224,0.2536168098449707
PP (2074).png,PP,0.16093787527926443,0.08751084213846397,0.43010368943214417
PP (2086).png,PP,0.2678761168051002,0.1546518233505349,0.4721986949443817
PP (2093).png,PP,0.2977324743151548,0.17490345660878012,0.4955010414123535
PP (2094).png,PP,0.246986740785414,0.14089268263496937,0.41273173689842224
PP (2110).png,PP,0.21420511055007269,0.11994944761884362,0.4318484961986542
PP (2124).png,PP,0.23202121000110468,0.13123529044217191,0.44076845049858093
PP (2127).png,PP,0.2919564884326643,0.1709303577194934,0.43776965141296387
PP (2139).png,PP,0.11350327622613579,0.06016616662820217,0.47406676411628723
PP (2158).png,PP,0.30409064631749333,0.1793083136531969,0.45623576641082764
PP (2169).png,PP,0.185858678884719,0.10244994517321204,0.46319839358329773
PP (2177).png,PP,0.2690500091257529,0.1554348828933321,0.3231314420700073
PP (2192).png,PP,0.28371042478528086,0.1653045202175669,0.44192633032798767
PP (2197).png,PP,0.1870119082100523,0.10315120604317761,0.5198651552200317
PP (2217).png,PP,0.2112074683699791,0.11807264656763646,0.45231327414512634
PP (2223).png,PP,0.25308118631560766,0.1448728952559845,0.45011594891548157
PP (2227).png,PP,0.213330981862736,0.11940151180611476,0.44575682282447815
PP (2233).png,PP,0.25219805645534477,0.14429441355573205,0.49772000312805176
PP (2235).png,PP,0.21850595116286817,0.12265320297056152,0.42833998799324036
PP (2239).png,PP,0.3973044718374493,0.24789766044518058,0.4280475378036499
PP (2253).png,PP,0.2755702812792233,0.1598037184627321,0.49275699257850647
PP (2256).png,PP,0.2186881886135979,0.12276805622446978,0.45964840054512024
PP (2260).png,PP,0.1904769368825703,0.10526361380242283,0.49985000491142273
PP (2274).png,PP,0.23597343035055104,0.13376977105137605,0.45515501499176025
PP (2278).png,PP,0.4061730726754143,0.2548413919428633,0.4528183043003082
PP (2305).png,PP,0.23799020552963407,0.13506747026974977,0.46713995933532715
PP (2316).png,PP,0.1858661490859774,0.10245448481782736,0.468931645154953
PP (2321).png,PP,0.28942410123626217,0.1691968777564526,0.4416528344154358
PP (2325).png,PP,0.31668923384949077,0.18813474030925006,0.46647942066192627
PP (2328).png,PP,0.3804664673216574,0.23492348855071363,0.44189971685409546
PP (2343).png,PP,0.1013973177662858,0.053406285957097364,0.5198816657066345
PP (2353).png,PP,0.1697893966035105,0.09277041466616834,0.438853919506073
PP (2360).png,PP,0.4766879615033602,0.3129286380312497,0.38298818469047546
PP (2373).png,PP,0.32550649040078317,0.19439101348245408,0.48415616154670715
PP (2382).png,PP,0.3232919381941883,0.19281349303348813,0.4437030255794525
PP (2387).png,PP,0.24866211282033843,0.141984088073822,0.47701624035835266
PP (2388).png,PP,0.27435876519327357,0.15898945832967537,0.4325518012046814
PP (2390).png,PP,0.26978633506234756,0.15592660058667912,0.44724521040916443
PP (2396).png,PP,0.3760542658619367,0.23156824637464493,0.4603135585784912
PP (2404).png,PP,0.4216001929712326,0.26710608496897054,0.44948145747184753
PP (2431).png,PP,0.23394014611481642,0.13246444937874993,0.46437469124794006
PP (2446).png,PP,0.546520774804081,0.3760086593122195,0.37848666310310364
PP (2449).png,PP,0.14255389123090262,0.07674725557737501,0.44533243775367737
PP (2468).png,PP,0.25678092399403873,0.14730272719500725,0.47501257061958313
PP (2477).png,PP,0.19980013981635164,0.1109877543241054,0.48527470231056213
PP (2502).png,PP,0.23039131184278572,0.13019336612926793,0.458120733499527
PP (2514).png,PP,0.2603621600200571,0.14966457617584297,0.4825906455516815
PP (2532).png,PP,0.14384249242752056,0.07749476638738524,0.5200883150100708
PP (2542).png,PP,0.07310466740797765,0.03793909620904975,0.4545539617538452
PP (2547).png,PP,0.5578909253926927,0.3868576484373132,0.1894451230764389
PP (2567).png,PP,0.13051966966612347,0.06981601654124574,0.5029873847961426
PP (2577).png,PP,0.2666938169970765,0.15386422757405388,0.4786941707134247
PP (2578).png,PP,0.374872684616087,0.2306728101038218,0.4841298758983612
PP (2608).png,PP,0.3239353953639668,0.19327142549753396,0.45129936933517456
PP (2618).png,PP,0.30939725360572207,0.1830100266106898,0.4666626453399658
PP (2627).png,PP,0.17047096214966773,0.09317751105495894,0.45763471722602844
PP (2634).png,PP,0.3373285790641314,0.20288348907462372,0.4777071475982666
PP (2676).png,PP,0.18109795592842445,0.09956443587420481,0.48491358757019043
PP (2695).png,PP,0.30337373786900806,0.17880999760546284,0.4667600393295288
PP (2726).png,PP,0.2847457050374095,0.166007865931984,0.5132859945297241
PP (2739).png,PP,0.14007217767072225,0.07531054484431716,0.4777158796787262
PP (2741).png,PP,0.22978281817507967,0.12980487396365464,0.487801730632782
PP (2744).png,PP,0.20271292822608267,0.112788285972594,0.4705982208251953
PP (2748).png,PP,0.5210785033278079,0.35233682416566203,0.43061962723731995
PP (2761).png,PP,0.2916335062710925,0.17070898272801788,0.42406973242759705
PP (2781).png,PP,0.18195804834950569,0.10008462576142238,0.5050210356712341
PP (2788).png,PP,0.3586099942954155,0.21847945524773574,0.4484396278858185
PP (2791).png,PP,0.176898617046334,0.09703169483626564,0.4533922076225281
PP (2857).png,PP,0.2004763864685226,0.11140525468020808,0.48428818583488464
PP (2860).png,PP,0.216130092453666,0.12115799001898475,0.5163289904594421
PP (2863).png,PP,0.23072548946361346,0.13040683516865056,0.49286389350891113
PP (2868).png,PP,0.23550382719932894,0.13346802947468506,0.46492597460746765
PP (2879).png,PP,0.23905756153625132,0.1357554661155227,0.4573788642883301
PP (2885).png,PP,0.16608446224191303,0.09056276519961594,0.49939578771591187
PP (2932).png,PP,0.2366353412417193,0.1341953520880657,0.46561112999916077
PP (2940).png,PP,0.20889811742668998,0.1166310635141325,0.511171281337738
PP (2963).png,PP,0.20114173493651144,0.111816333083592,0.48651379346847534
PP (2994).png,PP,0.184317861847615,0.1015143884353979,0.47703179717063904
PP (3015).png,PP,0.2309585233478828,0.13055574241536053,0.4284432828426361
PP (3023).png,PP,0.18290082985649442,0.10065539232074484,0.434029757976532
PP (3025).png,PP,0.27222540470583245,0.1575584022633947,0.45310264825820923
PP (3030).png,PP,0.22551320316237952,0.12708643623850854,0.4518853425979614
PP (3038).png,PP,0.17381015893230534,0.0951763913168447,0.5076459050178528
PP (3040).png,PP,0.2702736207584521,0.1562522396617215,0.44147777557373047
PP (3041).png,PP,0.21235297058065805,0.11878909375618402,0.46514198184013367
PP (3046).png,PP,0.24453083901099607,0.1392965735001754,0.4671717584133148
PP (3060).png,PP,0.16573050492978786,0.09035232029710227,0.44733816385269165
PP (3066).png,PP,0.11429472877650823,0.060611130764009064,0.459268718957901
PP (3081).png,PP,0.3295431979347499,0.19727729416727385,0.4986043870449066
PP (3088).png,PP,0.35150530601911434,0.2132280481718008,0.49606072902679443
PP (3089).png,PP,0.26131676603597975,0.1502957876002544,0.43219688534736633
PP (3098).png,PP,0.1295484498874673,0.06926052154607973,0.49279046058654785
PP (3105).png,PP,0.19848538699182547,0.11017695086047288,0.47463205456733704
PP (3118).png,PP,0.10287251583788944,0.05422541009853343,0.5421727299690247
PP (3125).png,PP,0.46485499166374633,0.30280852241283895,0.41148483753204346
PP (3139).png,PP,0.34702467809438287,0.2099394186322871,0.4343810975551605
PP (3185).png,PP,0.2712698590826747,0.15691856852725974,0.43100640177726746
PP (3195).png,PP,0.6594854465474526,0.49196440639075645,0.4236743748188019
PP (3203).png,PP,0.23472512516404997,0.13296803150039926,0.5007239580154419
PP (3210).png,PP,0.3762682384771476,0.2317305403475363,0.4200861155986786
PP (3269).png,PP,0.34393603875414985,0.2076828231292517,0.4453299939632416
PP (3296).png,PP,0.25211160287275264,0.14423781477530956,0.4313809871673584
PP (3298).png,PP,0.2864193634638228,0.16714670868526468,0.4299865663051605
PP (3312).png,PP,0.38784841256561614,0.24057812899768768,0.42365530133247375
PP (3326).png,PP,0.1258079772978086,0.06712651413189771,0.4971678853034973
PP (3342).png,PP,0.2761897855351697,0.16022052962536534,0.4484117329120636
PP (3351).png,PP,0.16755953830419326,0.0914406453070391,0.48052194714546204
PP (3357).png,PP,0.24337734420990664,0.13854844887016468,0.46501094102859497
PP (3361).png,PP,0.12396791103518733,0.06607984573632338,0.4857091009616852
PP (3362).png,PP,0.17642170815106306,0.09674479507660076,0.4574914574623108
PP (3375).png,PP,0.24404601034903267,0.13898200738024002,0.44697874784469604
PP (3379).png,PP,0.16573186688828376,0.09035312989226416,0.4603278636932373
PP (3384).png,PP,0.18826636659118282,0.10391503647087207,0.4594605565071106
PP (3386).png,PP,0.2612551428954995,0.15025501977936134,0.4397547245025635
PP (3406).png,PP,0.2558490361511084,0.1466897312526867,0.4347924292087555
PP (3408).png,PP,0.26648462252096133,0.15372498333905527,0.44065335392951965
PP (3410).png,PP,0.18137366571205416,0.09973113348931469,0.47244128584861755
PP (3429).png,PP,0.23712096637162675,0.13450779199726612,0.46616220474243164
PP (3436).png,PP,0.23381599867588865,0.13238484693587776,0.4545387029647827
PP (3438).png,PP,0.14227009835589313,0.07658276815697636,0.5233963131904602
PP (3439).png,PP,0.26143474614540996,0.150373847381213,0.43011555075645447
PP (3467).png,PP,0.10585243438777309,0.055883942893097366,0.49428239464759827
PP (3472).png,PP,0.28483155273644367,0.1660662270174539,0.4781619906425476
PP (3483).png,PP,0.18436992736100669,0.10154597576863636,0.4452742338180542
PP (3492).png,PP,0.1292014349216252,0.06906218410329627,0.47834569215774536
PP (3498).png,PP,0.3362046862622792,0.2020709419519847,0.4615144729614258
PP (3504).png,PP,0.2678824522165147,0.15465604661722415,0.42451778054237366
PP (3505).png,PP,0.36924717955106395,0.2264274357958262,0.43726927042007446
PP (3507).png,PP,0.10445762555594094,0.05510698519022935,0.47402676939964294
PP (3531).png,PP,0.35889897658436887,0.21869401789622356,0.44621968269348145
PP (3545).png,PP,0.15896855635016752,0.08634755093319504,0.44463977217674255
PP (3550).png,PP,0.29477772078758124,0.17286762223381724,0.40916967391967773
PP (3559).png,PP,0.2548975214032718,0.14606450023968792,0.45266664028167725
PP (3560).png,PP,0.28067093181290814,0.16324445215647715,0.4603961408138275
PP (3570).png,PP,0.23166693556441637,0.13100865454798236,0.47309932112693787
PP (3585).png,PP,0.17906243961891172,0.09833529908704684,0.48371315002441406
PP (3605).png,PP,0.24024655479222046,0.13652284951989613,0.4794537425041199
PP (3612).png,PP,0.13151333831962103,0.07038494896257255,0.4712233543395996
PP (3613).png,PP,0.18940488279294612,0.10460918677672894,0.45142456889152527
PP (3622).png,PP,0.29597460907261186,0.17369143127118106,0.4818701446056366
PP (3627).png,PP,0.49599123295138375,0.32977948255227896,0.43509432673454285
PP (3633).png,PP,0.23991827601303692,0.13631087280968437,0.49652376770973206
PP (3680).png,PP,0.3149945098915006,0.18693975286170594,0.4383249580860138
PP (3683).png,PP,0.3039419969382548,0.1792049543055573,0.4672088921070099
PP (3688).png,PP,0.2336067528255997,0.13225070532809569,0.45656830072402954
PP (3697).png,PP,0.3494250213835023,0.2116989690928117,0.46394771337509155
PP (3698).png,PP,0.3732338247463757,0.22943298823396419,0.43747952580451965
PP (3703).png,PP,0.15631350474645805,0.0847831261707875,0.46496903896331787
PP (3721).png,PP,0.26954972516937237,0.15576854711745777,0.46259385347366333
PP (3727).png,PP,0.17399770678475407,0.09528887637834063,0.49331796169281006
PP (3731).png,PP,0.13916880329139586,0.07478851576518841,0.4954277276992798
PP (3739).png,PP,0.30519763583168064,0.18007859930113357,0.4860590100288391
PP (3745).png,PP,0.21873602366945333,0.12279820766378245,0.47769084572792053
PP (3747).png,PP,0.2576146258626296,0.14785169210351692,0.4186937212944031
PP (3754).png,PP,0.3247496519674766,0.19385141590859822,0.4777451455593109
PP (3780).png,PP,0.18502279419183812,0.10194221370920871,0.4650505781173706
PP (3786).png,PP,0.2727156648416491,0.15788695543090625,0.4415576756000519
PP (3806).png,PP,0.21220000315164123,0.1186933681204386,0.45300960540771484
PP (3822).png,PP,0.20734606168942304,0.11566429931525377,0.4787418246269226
PP (3833).png,PP,0.40463434488764366,0.2536310992975128,0.3526719808578491
PP (3834).png,PP,0.1675405502402815,0.09142933572813865,0.416881799697876
PP (3837).png,PP,0.18548899103537597,0.10222533240027992,0.5071275234222412
PP (3840).png,PP,0.34287593770952196,0.20691024016367163,0.4496648609638214
PP (3856).png,PP,0.37323824734259425,0.22943633063224458,0.43221521377563477
PP (3858).png,PP,0.20473168656122323,0.11403960345574556,0.5242007374763489
PP (3877).png,PP,0.2379230356256521,0.135024201800476,0.42494499683380127
PP (3881).png,PP,0.20882319102425886,0.11658435391627889,0.434540718793869
PP (3893).png,PP,0.367114629765152,0.22482572044377624,0.4512297511100769
PP (3917).png,PP,0.2298882036455705,0.1298721380870002,0.47637927532196045
PP (3925).png,PP,0.17247448707463642,0.09437596676751855,0.4896280765533447
PP (3934).png,PP,0.2891785453635181,0.16902906178772653,0.47705158591270447
PP (3938).png,PP,0.23461394166428687,0.13289667750376655,0.48747557401657104
PP (3950).png,PP,0.22579119135303452,0.12726303141580375,0.30446892976760864
PP (3951).png,PP,0.3674900543254071,0.2251073907997242,0.4908674657344818
PP (3955).png,PP,0.2565164424136039,0.14712868457946013,0.4773474633693695
PP (3956).png,PP,0.2935232206965615,0.1720053998135116,0.4674546718597412
PP (3959).png,PP,0.1972086310676194,0.10939071179623357,0.4798470437526703
PP (3964).png,PP,0.12766792369904997,0.06818658149107584,0.51973956823349
PP (3987).png,PP,0.18008710544069684,0.09895369497027792,0.4793700873851776
PP (3992).png,PP,0.22523136409736308,0.12690745122550115,0.5188118815422058
PP (3993).png,PP,0.2402057733251197,0.1364965117421637,0.49538010358810425
PP (3994).png,PP,0.18542420565464365,0.10218597990366066,0.4761087894439697
PP (4010).png,PP,0.1263152682528286,0.0674154334038055,0.4657694697380066
PP (4021).png,PP,0.16376610984935022,0.0891858660967827,0.49484163522720337
PP (4028).png,PP,0.2547550377952459,0.14597093434575276,0.4164966642856598
PP (4031).png,PP,0.3196363461907503,0.1902185550527473,0.45277631282806396
PP (4053).png,PP,0.1927733542671302,0.10666805667252455,0.4487869143486023
PP (4054).png,PP,0.3541807307209418,0.21520025760549558,0.48764047026634216
PP (4057).png,PP,0.28843508245341337,0.16852126349193094,0.47417011857032776
PP (4059).png,PP,0.3504254854898538,0.21243386243386245,0.42856550216674805
PP (4060).png,PP,0.17580383992597734,0.09637331980725336,0.5028960704803467
PP (4066).png,PP,0.5670282608891789,0.39570093771774445,0.40280330181121826
PP (4068).png,PP,0.23679193400549955,0.134296081428111,0.39107546210289
PP (4075).png,PP,0.3682993974651984,0.2257150588122941,0.4707026779651642
PP (4084).png,PP,0.23691053111551594,0.13437238171776414,0.4799780547618866
PP (4120).png,PP,0.2027253740541651,0.11279599184653191,0.43628063797950745
PP (4131).png,PP,0.17781620294476508,0.0975841203462172,0.5172358155250549
PP (4157).png,PP,0.3338621147929494,0.20038084348070653,0.46511784195899963
PP (4165).png,PP,0.2478830489959604,0.141476314611255,0.4879414737224579
PP (4174).png,PP,0.2620336897161757,0.15077029293702673,0.4534238874912262
PP (4188).png,PP,0.2739894335913503,0.15874145785876992,0.47368136048316956
PP (4196).png,PP,0.4547209824961226,0.29426464563703403,0.44272419810295105
PP (4200).png,PP,0.41253759272873086,0.25987235404071873,0.4831485450267792
PP (4212).png,PP,0.3261911093836303,0.19487954163244553,0.4380708932876587
RBN (107).png,RBN,0.014552145186919796,0.007329401853411963,0.5053558349609375
RBN (117).png,RBN,0.07550004766898656,0.039230994824156054,0.497175395488739
RBN (122).png,RBN,0.011098217479692531,0.005580073172657641,0.498357355594635
RBN (131).png,RBN,0.007302550842621444,0.0036646560900197678,0.5198249220848083
RBN (150).png,RBN,0.05577067100084453,0.02868523284213287,0.513957679271698
RBN (154).png,RBN,0.019450857656089,0.009820941697548382,0.5223236680030823
RBN (159).png,RBN,0.05366892510360752,0.027574406942284697,0.5253207683563232
RBN (164).png,RBN,0.013963344305262311,0.0070307586041899,0.5248762369155884
RBN (171).png,RBN,0.009571679372790458,0.004808854091150742,0.4475937485694885
RBN (18).png,RBN,0.032268810717854986,0.016398993365362616,0.5180659890174866
RBN (203).png,RBN,0.023498833015064714,0.011889106572555755,0.5271170139312744
RBN (204).png,RBN,0.10184101756837524,0.053652522528915066,0.5181768536567688
RBN (205).png,RBN,0.026696090301917743,0.01352862585976545,0.5121622681617737
RBN (208).png,RBN,0.0136972083217772,0.006895830977614676,0.549113929271698
RBN (210).png,RBN,0.04860093968157349,0.02490568980475109,0.5437130928039551
RBN (211).png,RBN,0.02502954455925578,0.012673376703080889,0.4824904203414917
RBN (225).png,RBN,0.0059646180480415496,0.0029912297956332114,0.5293486714363098
RBN (23).png,RBN,0.0195545005317555,0.009873788769752027,0.48950254917144775
RBN (24).png,RBN,0.016849241351155758,0.008496197920240539,0.5120886564254761
RBN (243).png,RBN,0.006611698817672682,0.003316814297420689,0.5118051767349243
RBN (249).png,RBN,0.02990139509374893,0.015177613455125416,0.519651472568512
RBN (260).png,RBN,0.05978779347092631,0.030815079541161725,0.4954846501350403
RBN (271).png,RBN,0.010505213631993733,0.0052803423783642596,0.5189710855484009
RBN (28).png,RBN,0.006465993546635347,0.003243482943207374,0.4647754430770874
RBN (282).png,RBN,0.01224044383055685,0.00615790968911002,0.46049487590789795
RBN (284).png,RBN,0.01095020798410629,0.005505245785229086,0.5224668383598328
RBN (291).png,RBN,0.06769733343462736,0.035034539156827825,0.49804261326789856
RBN (292).png,RBN,0.024072451980228993,0.01218286166633683,0.44441699981689453
RBN (297).png,RBN,0.00830485667648514,0.004169742896810472,0.5175520777702332
RBN (300).png,RBN,0.07069891773201066,0.036644833915140174,0.5190800428390503
RBN (303).png,RBN,0.052310060138518105,0.026857488488254116,0.5402498841285706
RBN (328).png,RBN,0.029160382101558573,0.01479591836734694,0.5377892255783081
RBN (336).png,RBN,0.03152614511552493,0.0160155264634567,0.45798563957214355
RBN (341).png,RBN,0.048227176962786195,0.024709421298191044,0.534170389175415
RBN (345).png,RBN,0.04524756104438053,0.023147463659672064,0.5499852299690247
RBN (346).png,RBN,0.009075651146888792,0.004558511302610216,0.4767168462276459
RBN (351).png,RBN,0.019806108620869383,0.01000210570646452,0.5391923189163208
RBN (370).png,RBN,0.033647326929720084,0.017111542293775237,0.5086262226104736
RBN (377).png,RBN,0.09067149455701785,0.047488682172050434,0.44350335001945496
RBN (380).png,RBN,0.00669349158945857,0.003357984113941386,0.4927237629890442
RBN (39).png,RBN,0.00581412536831006,0.0029155383368583347,0.5485363006591797
RBN (393).png,RBN,0.056600101210634905,0.02912426888871084,0.5319096446037292
RBN (404).png,RBN,0.021207750555102194,0.010717522549955163,0.49694061279296875
RBN (407).png,RBN,0.10362392871332085,0.05464313238408069,0.5192657709121704
RBN (41).png,RBN,0.004495897493537147,0.002253013405429762,0.526912271976471
RBN (420).png,RBN,0.061860440883974514,0.03191743370234325,0.48477694392204285
RBN (436).png,RBN,0.04944449865480854,0.02534893194308461,0.49453049898147583
RBN (44).png,RBN,0.04953788289463998,0.025398023606917376,0.5254006385803223
RBN (479).png,RBN,0.01233959596392382,0.006208100709189282,0.5012686252593994
RBN (498).png,RBN,0.0022120893650201716,0.001107269371910994,0.5095812678337097
RBN (50).png,RBN,0.016927557335274845,0.008536025699862322,0.4985091984272003
RBN (51).png,RBN,0.019712148624200038,0.009954183484236937,0.47975605726242065
RBN (514).png,RBN,0.015603902808580313,0.007863300492610838,0.47435277700424194
RBN (526).png,RBN,0.05776627260831884,0.029742183854409705,0.5514383912086487
RBN (528).png,RBN,0.06829871939901126,0.03535677078277975,0.4926002621650696
RBN (532).png,RBN,0.06614452490025122,0.03420344785426091,0.5207824110984802
RBN (534).png,RBN,0.008844517875347136,0.0044419021792861885,0.46701446175575256
RBN (546).png,RBN,0.01650793650793651,0.008322663252240717,0.5154399871826172
RBN (549).png,RBN,0.010701899684248667,0.0053797365425272406,0.5053779482841492
RBN (555).png,RBN,0.006418816558751248,0.003219741745190089,0.5184549689292908
RBN (566).png,RBN,0.004675305088793093,0.0023431299681283936,0.5220555067062378
RBN (581).png,RBN,0.014399474445815541,0.007251949352600329,0.5353394150733948
RBN (587).png,RBN,0.00777875319027714,0.0039045629107378396,0.5615170001983643
RBN (592).png,RBN,0.017704342031531598,0.008931231807103729,0.5054067373275757
RBN (597).png,RBN,0.0042571672144507775,0.0021331241403026134,0.5459506511688232
RBN (598).png,RBN,0.015503686852361233,0.007812403958448583,0.53751540184021
RBN (615).png,RBN,0.010194999595436524,0.005123617436564736,0.5406690239906311
RBN (624).png,RBN,0.003294854957259049,0.001650145974451586,0.5077328681945801
RBN (634).png,RBN,0.0036452662668503334,0.0018259611907918524,0.5435848832130432
RBN (635).png,RBN,0.04959436204212079,0.025427716715404523,0.51280677318573
RBN (649).png,RBN,0.003839267268094484,0.0019233257147785589,0.5111282467842102
RBN (6693).png,RBN,0.08773849740686111,0.045882060213983576,0.5761545896530151
RBN (6701).png,RBN,0.10019593129898283,0.05274013933841681,0.5101276636123657
RBN (6715).png,RBN,0.34196252930344223,0.20624535654177975,0.3565026521682739
RBN (6734).png,RBN,0.20949632865582862,0.11700413241741918,0.480238676071167
RBN (6749).png,RBN,0.19723999668377537,0.10941001371283321,0.5237878561019897
RBN (6756).png,RBN,0.1346897721643139,0.07220770580376544,0.5168737173080444
RBN (6764).png,RBN,0.35615060356390116,0.21665646763994523,0.4915993809700012
RBN (6772).png,RBN,0.19986751287475693,0.11102933495408401,0.5283051133155823
RBN (678).png,RBN,0.0002046889515202091,0.00010235495122392901,0.5760469436645508
RBN (6788).png,RBN,0.13627265936396968,0.07311834536776404,0.5097407102584839
RBN (68).png,RBN,0.005210192680644135,0.0026119005929981717,0.5605931878089905
RBN (6811).png,RBN,0.23106068684111378,0.13062103664172448,0.5308647751808167
RBN (6819).png,RBN,0.27619273515857956,0.16022251489002023,0.25772103667259216
RBN (683).png,RBN,0.007667012706826657,0.0038482586775031146,0.5043100714683533
RBN (6832).png,RBN,0.24135940051281732,0.13724202692875248,0.36996063590049744
RBN (6836).png,RBN,0.2007173105176735,0.11155407190374408,0.49508386850357056
RBN (6866).png,RBN,0.18186154015482262,0.10002623241923442,0.5375163555145264
RBN (6889).png,RBN,0.2022942372881356,0.11252911432122902,0.4740932285785675
RBN (691).png,RBN,0.014337118295227028,0.007220318427324393,0.5085910558700562
RBN (6917).png,RBN,0.3463526001087153,0.20944767314452012,0.509574294090271
RBN (692).png,RBN,0.05556716106120744,0.028577567683712935,0.4329378008842468
RBN (6938).png,RBN,0.2333438393355783,0.13208220395745826,0.4439721405506134
RBN (6941).png,RBN,0.158638165327342,0.08615263026538365,0.529990553855896
RBN (6961).png,RBN,0.1928503379757746,0.10671520020082842,0.4811236560344696
RBN (6970).png,RBN,0.34590203685742,0.2091182291284908,0.5257375836372375
RBN (6973).png,RBN,0.1636910582734952,0.08914135010397119,0.4443240463733673
RBN (6974).png,RBN,0.1816424798813709,0.09989371059961882,0.4772365689277649
RBN (6999).png,RBN,0.1697402880838062,0.09274109405276494,0.5032709836959839
RBN (7000).png,RBN,0.30355118613326737,0.1789333009354878,0.5056964159011841
RBN (7014).png,RBN,0.12832096820988934,0.06855928074759733,0.5130226612091064
RBN (7023).png,RBN,0.22944411265114908,0.12958874345091032,0.552604615688324
RBN (7051).png,RBN,0.4657097527390289,0.30353432381546985,0.22706790268421173
RBN (7057).png,RBN,0.221268540795168,0.12439682204422493,0.5319293737411499
RBN (7058).png,RBN,0.22099442250810902,0.12422356922549692,0.5217679142951965
RBN (7069).png,RBN,0.40050418242236735,0.2503940166776514,0.4913473129272461
RBN (708).png,RBN,0.07601157942491736,0.039507295684345856,0.46928393840789795
RBN (7080).png,RBN,0.24086013012528754,0.13691926051476613,0.5158853530883789
RBN (7089).png,RBN,0.4639325044991497,0.3020261192024507,0.18865306675434113
RBN (7090).png,RBN,0.17407876147869084,0.09533749748136208,0.5528213381767273
RBN (7093).png,RBN,0.22239981733074551,0.12511239563262685,0.48055708408355713
RBN (7096).png,RBN,0.21519940884013575,0.12057336259637107,0.5402985215187073
RBN (710).png,RBN,0.017926246300933302,0.009044187315168394,0.500860333442688
RBN (7102).png,RBN,0.20914875985678028,0.11678734401192029,0.5137288570404053
RBN (7106).png,RBN,0.23473288438779677,0.13297301145633716,0.5012692213058472
RBN (7107).png,RBN,0.15446964643095398,0.08369932585081964,0.5581005811691284
RBN (7109).png,RBN,0.5595313082054929,0.38843697984746894,0.47763779759407043
RBN (7119).png,RBN,0.33717749560988786,0.20277419551376435,0.5426315069198608
RBN (7121).png,RBN,0.17744891935834636,0.0973629333318181,0.5361151695251465
RBN (7128).png,RBN,0.2178047564184135,0.1222115013508298,0.46061185002326965
RBN (7136).png,RBN,0.22732067104483128,0.12823564156909073,0.49171388149261475
RBN (7155).png,RBN,0.29122713923680044,0.1704305738486085,0.5218617916107178
RBN (7161).png,RBN,0.18185148359411796,0.10002014794347062,0.5259829163551331
RBN (7162).png,RBN,0.34325999204047986,0.20719001798190828,0.4007645845413208
RBN (7172).png,RBN,0.2617966879489226,0.15061338690006457,0.4789659380912781
RBN (7175).png,RBN,0.42929307733646,0.2733120171193252,0.3372593820095062
RBN (7194).png,RBN,0.13184723469441656,0.07057625968444269,0.5626485347747803
RBN (7200).png,RBN,0.23850709576488993,0.13540054302316729,0.5067716836929321
RBN (7207).png,RBN,0.17271824878532993,0.09452195791399817,0.5687487125396729
RBN (7210).png,RBN,0.22494983513066336,0.12672871988788112,0.5326102375984192
RBN (7219).png,RBN,0.18505467642737333,0.10196157097620037,0.4811519384384155
RBN (7248).png,RBN,0.20459137568662492,0.11395254145271111,0.5311626195907593
RBN (7249).png,RBN,0.04097704466330311,0.020917082442385364,0.5573501586914062
RBN (7270).png,RBN,0.17287124313688151,0.0946136075454656,0.5263986587524414
RBN (7279).png,RBN,0.15987789754841172,0.08688439606013479,0.47111380100250244
RBN (7284).png,RBN,0.14892804807467336,0.08045502927088877,0.4633786380290985
RBN (7288).png,RBN,0.216499480383558,0.12139019753698653,0.5272475481033325
RBN (7289).png,RBN,0.18509704564991178,0.1019872964591622,0.49939119815826416
RBN (7296).png,RBN,0.3101605792559167,0.18354440987022563,0.5143666863441467
RBN (73).png,RBN,0.0020909389833652313,0.0010465636420414744,0.5705532431602478
RBN (7303).png,RBN,0.15708710430975395,0.0852384855937092,0.5738618969917297
RBN (7310).png,RBN,0.41130213030029766,0.2588926051610068,0.18542583286762238
RBN (7315).png,RBN,0.19592131508356833,0.10859909643721764,0.4552851617336273
RBN (7316).png,RBN,0.26914032339899846,0.1554951721606493,0.5066488981246948
RBN (7320).png,RBN,0.21438001421752817,0.12005914804072115,0.5568870306015015
RBN (7324).png,RBN,0.2512482784117917,0.14367292698566106,0.5611217021942139
RBN (7337).png,RBN,0.4054253725555823,0.2542529936057911,0.5105598568916321
RBN (7339).png,RBN,0.2478456921091677,0.1414519777128041,0.529320478439331
RBN (7341).png,RBN,0.22445861818737348,0.12641700187141044,0.5530565977096558
RBN (7348).png,RBN,0.24455758161739158,0.13931392967176714,0.48863697052001953
RBN (7356).png,RBN,0.2522903751348835,0.14435485823587807,0.5201823711395264
RBN (7359).png,RBN,0.46599952118745513,0.3037805578445327,0.4957020580768585
RBN (7369).png,RBN,0.00028221205168161575,0.0001411259395612824,0.541175365447998
RBN (7378).png,RBN,0.0052238599341018375,0.002618770010919253,0.5197927355766296
RBN (7379).png,RBN,0.005472278751178836,0.0027436463744672907,0.467178076505661
RBN (7398).png,RBN,0.019728611810549964,0.009962579840426675,0.543080747127533
RBN (7405).png,RBN,0.005093015132564874,0.0025530088225658868,0.515101969242096
RBN (7416).png,RBN,0.006732629658177471,0.0033776851808008587,0.5573145747184753
RBN (7430).png,RBN,0.12536966563053772,0.06687700680609449,0.5059961676597595
RBN (7446).png,RBN,0.05428374407494611,0.02789910600255428,0.5027303099632263
RBN (7460).png,RBN,0.01847614724483349,0.009324211373556636,0.5303859114646912
RBN (7462).png,RBN,0.004484273804482885,0.0022471753770802027,0.47484081983566284
RBN (7468).png,RBN,0.02816707304145023,0.014284715837916592,0.5357863903045654
RBN (7470).png,RBN,0.006476776640664138,0.003248909551076089,0.5543487668037415
RBN (7474).png,RBN,0.035879913591402225,0.018267678152515003,0.5377904772758484
RBN (7490).png,RBN,0.010100717255295339,0.005075994218844701,0.5052889585494995
RBN (7497).png,RBN,0.007891725525786214,0.003961494275640772,0.5148466229438782
RBN (7502).png,RBN,0.01138362072110859,0.005724392517191525,0.44539567828178406
RBN (7513).png,RBN,0.004185946986920587,0.002097363219083995,0.4993826746940613
RBN (7519).png,RBN,0.03344458824330768,0.017006684908731945,0.4702402651309967
RBN (7533).png,RBN,0.008499245423604664,0.004267759077707459,0.5156167149543762
RBN (7545).png,RBN,0.011279737489745693,0.005671857275446014,0.48013314604759216
RBN (7552).png,RBN,0.009804904680727792,0.004926604785524739,0.5198625922203064
RBN (7565).png,RBN,0.004289017091246948,0.002149117346137814,0.5422680377960205
RBN (7568).png,RBN,0.035196756181866524,0.017913628905391003,0.5620648264884949
RBN (7571).png,RBN,0.07506621912901738,0.03899677998016735,0.5125409364700317
RBN (7597).png,RBN,0.026981952468878433,0.013675471698113208,0.4744737446308136
RBN (76).png,RBN,0.002653477116413348,0.0013285011318829643,0.5541308522224426
RBN (7606).png,RBN,0.03258257861801283,0.016561090831007087,0.43072259426116943
RBN (7620).png,RBN,0.06380611703493248,0.03295440482294079,0.4832504391670227
RBN (7627).png,RBN,0.007091565677298066,0.003558400152844033,0.48990705609321594
RBN (7628).png,RBN,0.056786006065828794,0.02922272392185772,0.499036967754364
RBN (7645).png,RBN,0.10159924741298212,0.053518334985133795,0.5180355906486511
RBN (7657).png,RBN,0.04021702768252906,0.02052116395060411,0.5404314994812012
RBN (766).png,RBN,0.010248059842055507,0.005150420831474111,0.5269421339035034
RBN (7679).png,RBN,0.04410601608368597,0.02255031021434601,0.4863063097000122
RBN (768).png,RBN,0.03422678904450214,0.01741136202983742,0.5123928785324097
RBN (7704).png,RBN,0.012912576586072864,0.006498242822094025,0.48558154702186584
RBN (7713).png,RBN,0.01397633475684891,0.007037345526866002,0.5171661972999573
RBN (7719).png,RBN,0.10273491284500637,0.05414895026559545,0.467234343290329
RBN (7732).png,RBN,0.24348221525313932,0.1386164247054456,0.531891942024231
RBN (7736).png,RBN,0.010755210905857947,0.005406680447183994,0.4706238806247711
RBN (7758).png,RBN,0.10432795167679128,0.05503481035608093,0.5036525726318359
RBN (7762).png,RBN,0.048566917077372124,0.02488782090576956,0.5268058180809021
RBN (7774).png,RBN,0.022444775023185464,0.011349758904178574,0.5250298380851746
RBN (7781).png,RBN,0.004741107753419684,0.0023761867554347245,0.5475007891654968
RBN (7785).png,RBN,0.05803316180674671,0.029883703812748418,0.48348110914230347
RBN (780).png,RBN,0.05225714180938062,0.026829589742624217,0.5014944672584534
RBN (7816).png,RBN,0.15925040613940564,0.08651388905397535,0.45559874176979065
RBN (7833).png,RBN,0.19504344381884453,0.1080599104454395,0.47932252287864685
RBN (7835).png,RBN,0.015778649773071106,0.00795206128150297,0.5521689653396606
RBN (7844).png,RBN,0.054161684585482504,0.02783462744896385,0.5566616058349609
RBN (7845).png,RBN,0.0750967288075976,0.03901324805847419,0.5236069560050964
RBN (7850).png,RBN,0.0569945115518202,0.029333170642425722,0.5295166373252869
RBN (7858).png,RBN,0.06613426666579603,0.034197961898716225,0.47756025195121765
RBN (7865).png,RBN,0.06553980141366543,0.03388014985346332,0.5253722667694092
RBN (7896).png,RBN,0.04188851179541468,0.02139230173958212,0.4994323253631592
RBN (7899).png,RBN,0.08916094205884084,0.04666062360840983,0.5290567278862
RBN (7911).png,RBN,0.057402384406736895,0.029549292115859202,0.4913643002510071
RBN (7914).png,RBN,0.05898504071198637,0.030388761523828106,0.5290213227272034
RBN (7927).png,RBN,0.14214332122707873,0.07650930389364678,0.5520790815353394
RBN (7947).png,RBN,0.10829896162673129,0.05724951217442946,0.4984241724014282
RBN (7985).png,RBN,0.11719276837609582,0.06224363620858739,0.5317239761352539
RBN (7988).png,RBN,0.053571994498285466,0.027523234533648553,0.5413902997970581
RBN (7994).png,RBN,0.11231803305610623,0.05950050645339697,0.5068827271461487
RBN (7995).png,RBN,0.0832558606159917,0.043436084611036284,0.5419619083404541
RBN (800).png,RBN,0.024646150811263992,0.012476828301615934,0.4620416462421417
RBN (802).png,RBN,0.05686828863412357,0.029266306705554926,0.5287770628929138
RBN (81).png,RBN,0.007467787399662198,0.003747887914904233,0.5160394310951233
RBN (830).png,RBN,0.061404554667938475,0.03167476474567932,0.43334704637527466
RBN (839).png,RBN,0.029388240983576064,0.014913257697317502,0.5522211790084839
RBN (871).png,RBN,0.14809325727949785,0.07996798859425543,0.37266555428504944
RBN (880).png,RBN,0.018020344995329174,0.009092093831450912,0.5465872883796692
RBN (881).png,RBN,0.053626427779439975,0.027551970775198706,0.48377925157546997
RBN (889).png,RBN,0.03086468438625549,0.01567423230974633,0.49733686447143555
RBN (890).png,RBN,0.08147790318094653,0.0424690981229971,0.45290520787239075
RBN (909).png,RBN,0.040394353678646196,0.02061351157794223,0.5441619753837585
RBN (918).png,RBN,0.16994402843711187,0.09286274905131879,0.5193147659301758
RBN (919).png,RBN,0.05073727398872757,0.026028956133866053,0.4653708338737488
RBN (921).png,RBN,0.30738457293844246,0.18160331521500625,0.4796302318572998
RBN (928).png,RBN,0.041282528527692736,0.02107630586286747,0.5340789556503296
RBN (938).png,RBN,0.0475740448489742,0.02436663204740802,0.5163689851760864
RBN (947).png,RBN,0.04570067014147431,0.02338468291077122,0.4620164930820465
RBN (949).png,RBN,0.28283197730835263,0.16470838821294595,0.5099706053733826
RBN (976).png,RBN,0.05971384200208763,0.030775791372806297,0.5413244366645813
RBN (98).png,RBN,0.031946042037017675,0.016232299885762864,0.5391612648963928
RBN (980).png,RBN,0.031026289219370364,0.01575759445110596,0.5177034139633179
e (101).png,e,0.028002927884066536,0.014200288773258506,0.5265215635299683
e (107).png,e,0.008740907360921644,0.004389638391725833,0.47226738929748535
e (112).png,e,0.038049992611120534,0.019393966445536766,0.3923870921134949
e (155).png,e,0.01839082321406157,0.009280751941152432,0.4950466454029083
e (168).png,e,0.006329390195992842,0.0031747421890394763,0.49256202578544617
e (174).png,e,0.08260773419575973,0.043083377183181844,0.4807046949863434
e (177).png,e,0.022193305285678932,0.011221170069345216,0.4852830767631531
e (188).png,e,0.015667514312449605,0.007895609443203253,0.5148745775222778
e (19).png,e,0.013194736282486848,0.00664118246687054,0.4722283184528351
e (191).png,e,0.02456369890476291,0.012434568956308087,0.5247600078582764
e (50).png,e,0.03241789561379149,0.016476006536918733,0.47383344173431396
e (85).png,e,0.009777923394321637,0.004912981073447781,0.5180473923683167
e (87).png,e,0.02474278608505037,0.012526361585087086,0.43039318919181824
e (88).png,e,0.06462099952462008,0.03338932555780933,0.5778262615203857
e (9).png,e,0.042723132614534275,0.021827843227720724,0.444085031747818
t (110).png,t,0.06834490820961385,0.03538152773757724,0.4272148609161377
t (114).png,t,0.012740092389982981,0.006410883821082509,0.47221964597702026
t (121).png,t,0.002382293240850657,0.001192567142747042,0.49689948558807373
t (125).png,t,0.01386582846423909,0.006981315090871963,0.513676643371582
t (133).png,t,0.024240951587521986,0.012269184143177573,0.45430588722229004
z (498).png,z,0.04230629191576327,0.021610271178305735,0.559014081954956
z (510).png,z,0.0463688263409453,0.023734687983146163,0.5172306299209595
z (524).png,z,0.018404480531661174,0.00928770798623883,0.48494553565979004
z (536).png,z,0.02355388397453407,0.011917291234784457,0.5246934294700623
z (541).png,z,0.02818040854850671,0.014291575492341356,0.47062379121780396
z (548).png,z,0.08764521731895288,0.04583104459104481,0.42439624667167664
z (556).png,z,0.011998090541784162,0.006035251014951976,0.4835866093635559
z (567).png,z,0.03647553643989259,0.018576563275284095,0.46177777647972107
z (569).png,z,0.05048320605528148,0.025895240406281415,0.4915010929107666
z (571).png,z,0.02153028617296369,0.01088229252259655,0.5198073387145996
z (582).png,z,0.014891459475700444,0.007501584508707703,0.5021414160728455
z (586).png,z,0.019640814671870573,0.009917804213186837,0.38104671239852905
z (614).png,z,0.011575413821044102,0.005821399464431249,0.44288378953933716
z (624).png,z,0.036264476457423464,0.018467087865275456,0.4284830391407013
z (626).png,z,0.020200884702073485,0.010203502237161871,0.4711228013038635
z (651).png,z,0.03383778178105405,0.017210066121454672,0.4375512897968292
z (654).png,z,0.009484083819523727,0.004764636013422273,0.49686312675476074
z (670).png,z,0.01751311999117556,0.00883391469965118,0.5220145583152771
z (686).png,z,0.03707957342083675,0.018890003343363423,0.4498549997806549
